{"rmse": 3.126318821054313, "mae": 2.913375616697967, "rsquared": -6.343742726273441, "exp_var": 0.0336606254635432, "precision_at_k": 0.9374727668845315, "recall_at_k": 0.4848842973958476, "ndcg_at_k": 0.9999999999999999, "map_at_k": 0.4848842973958476}