{"rmse": 3.140812066080959, "mae": 2.9302459682792423, "rsquared": -6.411990002458196, "exp_var": 0.03948587296573436, "precision_at_k": 0.9374727668845315, "recall_at_k": 0.4848842973958476, "ndcg_at_k": 0.9999999999999999, "map_at_k": 0.4848842973958476}