{"rmse": 3.1085085363466045, "mae": 2.892093835885823, "rsquared": -6.260308120588954, "exp_var": 0.024263546111640055, "precision_at_k": 0.9374727668845315, "recall_at_k": 0.4848842973958476, "ndcg_at_k": 0.9999999999999999, "map_at_k": 0.4848842973958476}