{"rmse": 3.1677425851746346, "mae": 2.9607284040555357, "rsquared": -6.539641383531291, "exp_var": 0.04675803097903364, "precision_at_k": 0.9374727668845315, "recall_at_k": 0.4848842973958476, "ndcg_at_k": 0.9999999999999999, "map_at_k": 0.4848842973958476}