{"rmse": 3.125405222726025, "mae": 2.9139398946853143, "rsquared": -6.33945125688147, "exp_var": 0.040422752471972134, "precision_at_k": 0.9374727668845315, "recall_at_k": 0.4848842973958476, "ndcg_at_k": 0.9999999999999999, "map_at_k": 0.4848842973958476}