{"rmse": 3.1600673211219568, "mae": 2.951848099903762, "rsquared": -6.503149382959881, "exp_var": 0.0437992567201656, "precision_at_k": 0.9374727668845315, "recall_at_k": 0.4848842973958476, "ndcg_at_k": 0.9999999999999999, "map_at_k": 0.4848842973958476}