{"rmse": 3.245956955073375, "mae": 3.0340265583366155, "rsquared": -6.916558695542426, "exp_var": -6.166825668785236e-06, "precision_at_k": 0.9374727668845315, "recall_at_k": 0.4848842973958476, "ndcg_at_k": 0.9999999999999999, "map_at_k": 0.4848842973958476}